--
-- PostgreSQL database dump
--

-- Dumped from database version 10.4
-- Dumped by pg_dump version 10.4

SET statement_timeout = 0;
SET lock_timeout = 0;
SET idle_in_transaction_session_timeout = 0;
SET client_encoding = 'UTF8';
SET standard_conforming_strings = on;
SELECT pg_catalog.set_config('search_path', '', false);
SET check_function_bodies = false;
SET client_min_messages = warning;
SET row_security = off;

ALTER TABLE ONLY public.queries DROP CONSTRAINT queries_userid_fkey;
ALTER TABLE ONLY public.projects DROP CONSTRAINT projects_owner_fkey;
ALTER TABLE ONLY public.keywords DROP CONSTRAINT keywords_projectid_fkey;
ALTER TABLE ONLY public.fundings DROP CONSTRAINT fundings_userid_fkey;
ALTER TABLE ONLY public.fundings DROP CONSTRAINT fundings_projectid_fkey;
ALTER TABLE ONLY public.users DROP CONSTRAINT users_username_key;
ALTER TABLE ONLY public.users DROP CONSTRAINT users_pkey;
ALTER TABLE ONLY public.users DROP CONSTRAINT users_email_key;
ALTER TABLE ONLY public.queries DROP CONSTRAINT queries_pkey;
ALTER TABLE ONLY public.projects DROP CONSTRAINT projects_pkey;
ALTER TABLE ONLY public.keywords DROP CONSTRAINT keywords_pkey;
ALTER TABLE ONLY public.fundings DROP CONSTRAINT fundings_pkey;
ALTER TABLE public.users ALTER COLUMN userid DROP DEFAULT;
ALTER TABLE public.queries ALTER COLUMN userid DROP DEFAULT;
ALTER TABLE public.projects ALTER COLUMN owner DROP DEFAULT;
ALTER TABLE public.projects ALTER COLUMN projectid DROP DEFAULT;
ALTER TABLE public.keywords ALTER COLUMN projectid DROP DEFAULT;
ALTER TABLE public.fundings ALTER COLUMN projectid DROP DEFAULT;
ALTER TABLE public.fundings ALTER COLUMN userid DROP DEFAULT;
DROP SEQUENCE public.users_userid_seq;
DROP TABLE public.users;
DROP SEQUENCE public.queries_userid_seq;
DROP TABLE public.queries;
DROP SEQUENCE public.projects_projectid_seq;
DROP SEQUENCE public.projects_owner_seq;
DROP TABLE public.projects;
DROP SEQUENCE public.keywords_projectid_seq;
DROP TABLE public.keywords;
DROP SEQUENCE public.fundings_userid_seq;
DROP SEQUENCE public.fundings_projectid_seq;
DROP TABLE public.fundings;
DROP FUNCTION public.check_total_funded(project_id integer);
DROP FUNCTION public.check_funding_sum(user_id integer, project_id integer, amount numeric);
DROP FUNCTION public.check_amount_sought(project_id integer, amountsought numeric);
DROP EXTENSION citext;
DROP EXTENSION plpgsql;
DROP SCHEMA public;
--
-- Name: public; Type: SCHEMA; Schema: -; Owner: postgres
--

CREATE SCHEMA public;


ALTER SCHEMA public OWNER TO postgres;

--
-- Name: SCHEMA public; Type: COMMENT; Schema: -; Owner: postgres
--

COMMENT ON SCHEMA public IS 'standard public schema';


--
-- Name: plpgsql; Type: EXTENSION; Schema: -; Owner: 
--

CREATE EXTENSION IF NOT EXISTS plpgsql WITH SCHEMA pg_catalog;


--
-- Name: EXTENSION plpgsql; Type: COMMENT; Schema: -; Owner: 
--

COMMENT ON EXTENSION plpgsql IS 'PL/pgSQL procedural language';


--
-- Name: citext; Type: EXTENSION; Schema: -; Owner: 
--

CREATE EXTENSION IF NOT EXISTS citext WITH SCHEMA public;


--
-- Name: EXTENSION citext; Type: COMMENT; Schema: -; Owner: 
--

COMMENT ON EXTENSION citext IS 'data type for case-insensitive character strings';


--
-- Name: check_amount_sought(integer, numeric); Type: FUNCTION; Schema: public; Owner: indie
--

CREATE FUNCTION public.check_amount_sought(project_id integer, amountsought numeric) RETURNS boolean
    LANGUAGE plpgsql
    AS $_$
DECLARE passed BOOLEAN;
BEGIN
   SELECT ($2 >= COALESCE((SELECT SUM(f.amount) FROM fundings f WHERE f.projectid = $1), 0)) INTO passed;

   RETURN passed;
END;
$_$;


ALTER FUNCTION public.check_amount_sought(project_id integer, amountsought numeric) OWNER TO indie;

--
-- Name: check_funding_sum(integer, integer, numeric); Type: FUNCTION; Schema: public; Owner: indie
--

CREATE FUNCTION public.check_funding_sum(user_id integer, project_id integer, amount numeric) RETURNS boolean
    LANGUAGE plpgsql
    AS $_$
DECLARE passed BOOLEAN;
BEGIN
   SELECT (p.amountsought >= COALESCE((SELECT SUM(f.amount) FROM fundings f WHERE f.userid <> $1 AND f.projectid = $2), 0) + $3) INTO passed FROM projects p
   WHERE p.projectid = $2;

   RETURN passed;
END;
$_$;


ALTER FUNCTION public.check_funding_sum(user_id integer, project_id integer, amount numeric) OWNER TO indie;

--
-- Name: check_total_funded(integer); Type: FUNCTION; Schema: public; Owner: indie
--

CREATE FUNCTION public.check_total_funded(project_id integer) RETURNS boolean
    LANGUAGE plpgsql
    AS $_$
DECLARE passed BOOLEAN;
BEGIN
   SELECT (p.amountsought >= COALESCE((SELECT SUM(f.amount) FROM fundings f WHERE f.projectid = $1), 0)) INTO passed FROM projects p
   WHERE p.projectid = $1;

   RETURN passed;
END;
$_$;


ALTER FUNCTION public.check_total_funded(project_id integer) OWNER TO indie;

SET default_tablespace = '';

SET default_with_oids = false;

--
-- Name: fundings; Type: TABLE; Schema: public; Owner: indie
--

CREATE TABLE public.fundings (
    userid integer NOT NULL,
    projectid integer NOT NULL,
    "time" timestamp without time zone NOT NULL,
    amount numeric NOT NULL,
    CONSTRAINT amount CHECK ((amount > (0)::numeric)),
    CONSTRAINT check_funding_sum CHECK (public.check_funding_sum(userid, projectid, amount))
);


ALTER TABLE public.fundings OWNER TO indie;

--
-- Name: fundings_projectid_seq; Type: SEQUENCE; Schema: public; Owner: indie
--

CREATE SEQUENCE public.fundings_projectid_seq
    AS integer
    START WITH 1
    INCREMENT BY 1
    NO MINVALUE
    NO MAXVALUE
    CACHE 1;


ALTER TABLE public.fundings_projectid_seq OWNER TO indie;

--
-- Name: fundings_projectid_seq; Type: SEQUENCE OWNED BY; Schema: public; Owner: indie
--

ALTER SEQUENCE public.fundings_projectid_seq OWNED BY public.fundings.projectid;


--
-- Name: fundings_userid_seq; Type: SEQUENCE; Schema: public; Owner: indie
--

CREATE SEQUENCE public.fundings_userid_seq
    AS integer
    START WITH 1
    INCREMENT BY 1
    NO MINVALUE
    NO MAXVALUE
    CACHE 1;


ALTER TABLE public.fundings_userid_seq OWNER TO indie;

--
-- Name: fundings_userid_seq; Type: SEQUENCE OWNED BY; Schema: public; Owner: indie
--

ALTER SEQUENCE public.fundings_userid_seq OWNED BY public.fundings.userid;


--
-- Name: keywords; Type: TABLE; Schema: public; Owner: indie
--

CREATE TABLE public.keywords (
    projectid integer NOT NULL,
    keyword character varying(32) NOT NULL
);


ALTER TABLE public.keywords OWNER TO indie;

--
-- Name: keywords_projectid_seq; Type: SEQUENCE; Schema: public; Owner: indie
--

CREATE SEQUENCE public.keywords_projectid_seq
    AS integer
    START WITH 1
    INCREMENT BY 1
    NO MINVALUE
    NO MAXVALUE
    CACHE 1;


ALTER TABLE public.keywords_projectid_seq OWNER TO indie;

--
-- Name: keywords_projectid_seq; Type: SEQUENCE OWNED BY; Schema: public; Owner: indie
--

ALTER SEQUENCE public.keywords_projectid_seq OWNED BY public.keywords.projectid;


--
-- Name: projects; Type: TABLE; Schema: public; Owner: indie
--

CREATE TABLE public.projects (
    projectid integer NOT NULL,
    owner integer NOT NULL,
    name character varying(160) NOT NULL,
    description text,
    amountsought numeric NOT NULL,
    startdate date NOT NULL,
    duedate date NOT NULL,
    category public.citext,
    CONSTRAINT afterstart CHECK ((duedate >= startdate)),
    CONSTRAINT check_amount_sought CHECK (public.check_amount_sought(projectid, amountsought)),
    CONSTRAINT nonnegative CHECK ((amountsought > (0)::numeric))
);


ALTER TABLE public.projects OWNER TO indie;

--
-- Name: projects_owner_seq; Type: SEQUENCE; Schema: public; Owner: indie
--

CREATE SEQUENCE public.projects_owner_seq
    AS integer
    START WITH 1
    INCREMENT BY 1
    NO MINVALUE
    NO MAXVALUE
    CACHE 1;


ALTER TABLE public.projects_owner_seq OWNER TO indie;

--
-- Name: projects_owner_seq; Type: SEQUENCE OWNED BY; Schema: public; Owner: indie
--

ALTER SEQUENCE public.projects_owner_seq OWNED BY public.projects.owner;


--
-- Name: projects_projectid_seq; Type: SEQUENCE; Schema: public; Owner: indie
--

CREATE SEQUENCE public.projects_projectid_seq
    AS integer
    START WITH 1
    INCREMENT BY 1
    NO MINVALUE
    NO MAXVALUE
    CACHE 1;


ALTER TABLE public.projects_projectid_seq OWNER TO indie;

--
-- Name: projects_projectid_seq; Type: SEQUENCE OWNED BY; Schema: public; Owner: indie
--

ALTER SEQUENCE public.projects_projectid_seq OWNED BY public.projects.projectid;


--
-- Name: queries; Type: TABLE; Schema: public; Owner: indie
--

CREATE TABLE public.queries (
    userid integer NOT NULL,
    keyword public.citext NOT NULL
);


ALTER TABLE public.queries OWNER TO indie;

--
-- Name: queries_userid_seq; Type: SEQUENCE; Schema: public; Owner: indie
--

CREATE SEQUENCE public.queries_userid_seq
    AS integer
    START WITH 1
    INCREMENT BY 1
    NO MINVALUE
    NO MAXVALUE
    CACHE 1;


ALTER TABLE public.queries_userid_seq OWNER TO indie;

--
-- Name: queries_userid_seq; Type: SEQUENCE OWNED BY; Schema: public; Owner: indie
--

ALTER SEQUENCE public.queries_userid_seq OWNED BY public.queries.userid;


--
-- Name: users; Type: TABLE; Schema: public; Owner: indie
--

CREATE TABLE public.users (
    userid integer NOT NULL,
    name character varying(160) NOT NULL,
    username public.citext NOT NULL,
    email public.citext NOT NULL,
    passworddigest uuid NOT NULL,
    admin boolean NOT NULL,
    createdon timestamp without time zone NOT NULL,
    lastlogin timestamp without time zone,
    sessionid bytea,
    CONSTRAINT email_max_len CHECK ((length((email)::text) <= 160)),
    CONSTRAINT username_max_len CHECK ((length((username)::text) <= 32))
);


ALTER TABLE public.users OWNER TO indie;

--
-- Name: users_userid_seq; Type: SEQUENCE; Schema: public; Owner: indie
--

CREATE SEQUENCE public.users_userid_seq
    AS integer
    START WITH 1
    INCREMENT BY 1
    NO MINVALUE
    NO MAXVALUE
    CACHE 1;


ALTER TABLE public.users_userid_seq OWNER TO indie;

--
-- Name: users_userid_seq; Type: SEQUENCE OWNED BY; Schema: public; Owner: indie
--

ALTER SEQUENCE public.users_userid_seq OWNED BY public.users.userid;


--
-- Name: fundings userid; Type: DEFAULT; Schema: public; Owner: indie
--

ALTER TABLE ONLY public.fundings ALTER COLUMN userid SET DEFAULT nextval('public.fundings_userid_seq'::regclass);


--
-- Name: fundings projectid; Type: DEFAULT; Schema: public; Owner: indie
--

ALTER TABLE ONLY public.fundings ALTER COLUMN projectid SET DEFAULT nextval('public.fundings_projectid_seq'::regclass);


--
-- Name: keywords projectid; Type: DEFAULT; Schema: public; Owner: indie
--

ALTER TABLE ONLY public.keywords ALTER COLUMN projectid SET DEFAULT nextval('public.keywords_projectid_seq'::regclass);


--
-- Name: projects projectid; Type: DEFAULT; Schema: public; Owner: indie
--

ALTER TABLE ONLY public.projects ALTER COLUMN projectid SET DEFAULT nextval('public.projects_projectid_seq'::regclass);


--
-- Name: projects owner; Type: DEFAULT; Schema: public; Owner: indie
--

ALTER TABLE ONLY public.projects ALTER COLUMN owner SET DEFAULT nextval('public.projects_owner_seq'::regclass);


--
-- Name: queries userid; Type: DEFAULT; Schema: public; Owner: indie
--

ALTER TABLE ONLY public.queries ALTER COLUMN userid SET DEFAULT nextval('public.queries_userid_seq'::regclass);


--
-- Name: users userid; Type: DEFAULT; Schema: public; Owner: indie
--

ALTER TABLE ONLY public.users ALTER COLUMN userid SET DEFAULT nextval('public.users_userid_seq'::regclass);


--
-- Data for Name: fundings; Type: TABLE DATA; Schema: public; Owner: indie
--

COPY public.fundings (userid, projectid, "time", amount) FROM stdin;
1	1	2018-10-05 01:55:08.092068	100
1	3	2018-10-05 01:55:15.779748	200
2	7	2018-10-05 01:55:29.229018	20000
2	5	2018-10-05 01:55:46.21272	20000
4	5	2018-10-05 01:55:51.648083	20000
5	5	2018-10-05 01:56:16.559007	30000
5	1	2018-10-05 01:56:24.891356	1000
5	3	2018-10-05 01:56:32.175255	5000
\.


--
-- Data for Name: keywords; Type: TABLE DATA; Schema: public; Owner: indie
--

COPY public.keywords (projectid, keyword) FROM stdin;
7	scam
7	bitcoin
7	blockchain
2	elon
2	sec
2	car
3	smartphone
3	iphone
5	iphone
5	smartphone
5	charger
5	usb
6	charger
6	usb
4	pen
4	classic
3	video
1	scam
\.


--
-- Data for Name: projects; Type: TABLE DATA; Schema: public; Owner: indie
--

COPY public.projects (projectid, owner, name, description, amountsought, startdate, duedate, category) FROM stdin;
1	1	I need money	im pooor help me plz plz lorum ipsum	9999	2018-10-05	2018-10-12	\N
2	1	$TSLA 4eva	SEC aint got nothing on me pls	50000	2018-10-05	2018-11-09	\N
3	6	ATOM: A pocket-sized 3-axis smartphone gimbal 	Gimbal doesn’t belong to an easy category that can be quickly developed and put into mass production. It took us another whole year to develop ATOM with a lot of fantastic improvements as you can see. For this revolutionary product, we are very careful on every stage of the R&D and production progress, and have spent a lot of time on testing and evaluation. Right now, we successfully pushed it into production stage, and we are busy working on preparing enough stock in order to ship the orders as soon as we can. 	75000	2018-10-05	2018-11-30	\N
4	4	KOSMOS Classic Pen	KOSMOS is the first ballpoint pen that employs magnets to expose and retract the tip. Its futuristic design fascinates people around the world and is currently winning all major design awards. A simple shift of the cap unlocks the pen and makes it ready for writing. All parts of KOSMOS are processed from a solid block of high-grade metals, like titanium or aluminium. The result is a durable, perfectly functional writing utensil with the exceedingly rare look of quality.	100000	2018-10-05	2018-12-28	\N
5	4	SOHOLINE:Crush Proof Wireless charger&USB-C Hub	Soholine is small and light enough to easily keep in your bag at all times. It gives you access to all the ports you need (4K HDMI, microSD, SD, 3 x USB 3.1 and USB-C Power Delivery). even more. You can Upload and backup all your photos & videos from your phone, cameras, external hard drives, and laptop all at the same time! Also, wireless charging your phone, the dongles clutter has been fixed once and for all.	90000	2018-10-05	2019-01-04	\N
6	5	Charger Pro - World's Thinnest 3-Port USB Charger	Overheating Protection Sensors monitor the temperature of Charger Pro and automatically adjust charging speeds to maintain safe temperatures. Overvoltage Protection Special components inside Charger Pro protect your devices from voltage spikes that could otherwise harm and permanently damage your devices.	65000	2018-10-05	2018-12-14	\N
7	8	BITCONNECT	Hey hey hey! Hey hey hey! Hey hey hey! Whatsawhatsawhatsawhatsawhatsawhatsawhatsa up Bitconnect! Hey hey hey everybody my name is Carlos Matos and I am coming from New York City, New York and let me tell you guys that I am so excited, I am so happy, I am really so thrilled to be right now sharing this amazing, glorious, super, and exciting moment of my life with all of you guys, and let me tell you that we are really changing the world as we know it, the world is not anymore the way it used to be, mmm mmm, No! No! No! BITCONNECT! Wow! BITCONNECT! We are coming and we are coming in waves! We are starting and we are watching go all over the world! We are pelting the entire world! Let me tell you guys that I started 137 days ago with only $25,610 and right now I am reaching $140,000! Woah woah woah woah woah woah woah Whats up? And let me tell you that I am actually earning around one hun- I mean $1,400 on an every day basis, seven days a week! What‽ I am right now independently, financially independently. I am saying to so many people who say that this was going to be con artist game, that this was gonna be a scammer game, “Hey! You’re gonna lose all your money!” My wife still doesn’t believe in me! I’m telling him “Oh honey, this is real!” “Oh no no no no no, that’s a scam!” And I said “But wait I’m gonna go to the bank and I’m gonna get my bitcoins and I’m actually gonna turn it into dollars, here there right on the table!” “No, that’s money you took from another account!” And I’ll say “What am I gonna do‽” Then I said to myself, “You know what? When I am starting to put $10,000 a day on her, right on her, you know on her table.” Then she’s gonna say “Woah!” Hahaha! Yo yo yo yo yo! “OK that’s real!” Hahahaha! So guys, I’m gonna tell you something. Faith and believe is the one thing that we will need to be able to change the world, and right now I believe that in this room, we have the seed that’s gonna germinate and is going to explode into an amazing opportunity for us to change this entire world. I am so proud, I am so honored, I am so excited to be here right now and let me tell you something, that each and every one of you has the opportunity to become like those amazing people that we know here from Vietnam. Hey hey! My group from Vietnam! Making so much money that it could probably that could probably have a real hard time counting it! Ha ha ha ha ha ha! So guys, let me tell you, I love, BITCONNECT!	350000	2018-10-05	2018-11-30	\N
\.


--
-- Data for Name: queries; Type: TABLE DATA; Schema: public; Owner: indie
--

COPY public.queries (userid, keyword) FROM stdin;
\.


--
-- Data for Name: users; Type: TABLE DATA; Schema: public; Owner: indie
--

COPY public.users (userid, name, username, email, passworddigest, admin, createdon, lastlogin, sessionid) FROM stdin;
2	John Cena	johncena	cena@gmail.com	e8d25b42-08b8-0008-a9e1-5c8698640e85	f	2018-10-05 01:31:59.032199	\N	\N
3	admin	admin	admin@haha.com	21232f29-7a57-a5a7-4389-4a0e4a801fc3	t	2018-10-05 01:32:08.856817	\N	\N
4	Harry Potter	hpotter	hp@gmail.com	1ff61e91-349d-3f66-23a8-1ccd3d881fa1	f	2018-10-05 01:32:08.856817	\N	\N
5	haha	hehe	haha@gmail.com	529ca805-0a00-1807-90cf-88b63468826a	f	2018-10-05 01:32:08.856817	\N	\N
6	how can dis be	allow	dis@gmail.com	b394126a-0e52-e75f-1e3d-535d0fb0d33c	f	2018-10-05 01:32:08.856817	\N	\N
7	yo mama	mama	mama@gmail.com	eeafbf4d-9b39-57b1-39da-7b7f2e7f2d4a	f	2018-10-05 01:32:08.856817	\N	\N
1	mojojo	mojojo	oads@gmail.com	5038dd36-39cc-a0b2-ee02-892666cc3113	f	2018-10-05 01:33:03.377416	\N	\N
8	Carlos Manos	ilovebitconnect	notscam@gmail.com	22957272-af3f-0034-9de8-d5ddc66603fd	f	2018-10-05 01:47:34.176653	\N	\N
\.


--
-- Name: fundings_projectid_seq; Type: SEQUENCE SET; Schema: public; Owner: indie
--

SELECT pg_catalog.setval('public.fundings_projectid_seq', 1, false);


--
-- Name: fundings_userid_seq; Type: SEQUENCE SET; Schema: public; Owner: indie
--

SELECT pg_catalog.setval('public.fundings_userid_seq', 1, false);


--
-- Name: keywords_projectid_seq; Type: SEQUENCE SET; Schema: public; Owner: indie
--

SELECT pg_catalog.setval('public.keywords_projectid_seq', 1, false);


--
-- Name: projects_owner_seq; Type: SEQUENCE SET; Schema: public; Owner: indie
--

SELECT pg_catalog.setval('public.projects_owner_seq', 1, false);


--
-- Name: projects_projectid_seq; Type: SEQUENCE SET; Schema: public; Owner: indie
--

SELECT pg_catalog.setval('public.projects_projectid_seq', 7, true);


--
-- Name: queries_userid_seq; Type: SEQUENCE SET; Schema: public; Owner: indie
--

SELECT pg_catalog.setval('public.queries_userid_seq', 1, false);


--
-- Name: users_userid_seq; Type: SEQUENCE SET; Schema: public; Owner: indie
--

SELECT pg_catalog.setval('public.users_userid_seq', 8, true);


--
-- Name: fundings fundings_pkey; Type: CONSTRAINT; Schema: public; Owner: indie
--

ALTER TABLE ONLY public.fundings
    ADD CONSTRAINT fundings_pkey PRIMARY KEY (userid, projectid);


--
-- Name: keywords keywords_pkey; Type: CONSTRAINT; Schema: public; Owner: indie
--

ALTER TABLE ONLY public.keywords
    ADD CONSTRAINT keywords_pkey PRIMARY KEY (projectid, keyword);


--
-- Name: projects projects_pkey; Type: CONSTRAINT; Schema: public; Owner: indie
--

ALTER TABLE ONLY public.projects
    ADD CONSTRAINT projects_pkey PRIMARY KEY (projectid);


--
-- Name: queries queries_pkey; Type: CONSTRAINT; Schema: public; Owner: indie
--

ALTER TABLE ONLY public.queries
    ADD CONSTRAINT queries_pkey PRIMARY KEY (userid, keyword);


--
-- Name: users users_email_key; Type: CONSTRAINT; Schema: public; Owner: indie
--

ALTER TABLE ONLY public.users
    ADD CONSTRAINT users_email_key UNIQUE (email);


--
-- Name: users users_pkey; Type: CONSTRAINT; Schema: public; Owner: indie
--

ALTER TABLE ONLY public.users
    ADD CONSTRAINT users_pkey PRIMARY KEY (userid);


--
-- Name: users users_username_key; Type: CONSTRAINT; Schema: public; Owner: indie
--

ALTER TABLE ONLY public.users
    ADD CONSTRAINT users_username_key UNIQUE (username);


--
-- Name: fundings fundings_projectid_fkey; Type: FK CONSTRAINT; Schema: public; Owner: indie
--

ALTER TABLE ONLY public.fundings
    ADD CONSTRAINT fundings_projectid_fkey FOREIGN KEY (projectid) REFERENCES public.projects(projectid) ON UPDATE CASCADE;


--
-- Name: fundings fundings_userid_fkey; Type: FK CONSTRAINT; Schema: public; Owner: indie
--

ALTER TABLE ONLY public.fundings
    ADD CONSTRAINT fundings_userid_fkey FOREIGN KEY (userid) REFERENCES public.users(userid) ON UPDATE CASCADE ON DELETE SET NULL;


--
-- Name: keywords keywords_projectid_fkey; Type: FK CONSTRAINT; Schema: public; Owner: indie
--

ALTER TABLE ONLY public.keywords
    ADD CONSTRAINT keywords_projectid_fkey FOREIGN KEY (projectid) REFERENCES public.projects(projectid) ON UPDATE CASCADE ON DELETE CASCADE;


--
-- Name: projects projects_owner_fkey; Type: FK CONSTRAINT; Schema: public; Owner: indie
--

ALTER TABLE ONLY public.projects
    ADD CONSTRAINT projects_owner_fkey FOREIGN KEY (owner) REFERENCES public.users(userid) ON UPDATE CASCADE ON DELETE CASCADE;


--
-- Name: queries queries_userid_fkey; Type: FK CONSTRAINT; Schema: public; Owner: indie
--

ALTER TABLE ONLY public.queries
    ADD CONSTRAINT queries_userid_fkey FOREIGN KEY (userid) REFERENCES public.users(userid) ON UPDATE CASCADE ON DELETE CASCADE;


--
-- Name: SCHEMA public; Type: ACL; Schema: -; Owner: postgres
--

GRANT ALL ON SCHEMA public TO PUBLIC;


--
-- PostgreSQL database dump complete
--

